origem_id,origem_tipo,titulo,deliverable_id,artefato,status_fechamento,notas
REQ-001,REQ,Página Por Tema,DELIVERABLE-DEMO-001,wp-content/plugins/dsn-dashboard,FECHADO,
REQ-002,REQ,Página Por Plataforma,DELIVERABLE-DEMO-001,wp-content/plugins/dsn-dashboard,FECHADO,
REQ-003,REQ,Carrossel sem scroll,DELIVERABLE-DEMO-001,MOD-CAROUSEL,FECHADO_COM_RESSALVA,BUG-001
REQ-004,REQ,Embed Kibana,DELIVERABLE-DEMO-001,iframe Kibana,FECHADO_COM_RESSALVA,BUG-002
REQ-005,REQ,Embed Shiny,DELIVERABLE-DEMO-001,docker/shiny,FECHADO,
REQ-006,REQ,Homogeneidade visual,DELIVERABLE-DEMO-001,assets/css tokens,FECHADO_COM_RESSALVA,BUG-005
REQ-007,REQ,Seed ficticio,DELIVERABLE-SEED-001,scripts/seed,FECHADO,
REQ-008,REQ,Analises acessiveis,DELIVERABLE-DEMO-001,legendas/shortcode,FECHADO,
REQ-009,REQ,Taxonomia temas,DELIVERABLE-SEED-001,schema+seed 15 temas,FECHADO,
REQ-010,REQ,Taxonomia plataformas,DELIVERABLE-SEED-001,schema+seed 4 plataformas,FECHADO,
REQ-011,REQ,Docker Compose,DELIVERABLE-DEMO-001,docker/docker-compose.yml,FECHADO,
REQ-012,REQ,Headers frame,DELIVERABLE-DEMO-001,kibana.yml+shiny nginx,FECHADO,
RF-001,RF,Página Por Tema,DELIVERABLE-DEMO-001,plugin+paginas WP,FECHADO,
RF-002,RF,Página Por Plataforma,DELIVERABLE-DEMO-001,plugin+paginas WP,FECHADO,
RF-003,RF,Carrossel sem scroll,DELIVERABLE-QA-001,relatorio-qa BUG-001,FECHADO_COM_RESSALVA,BUG-001
RF-004,RF,4 slides Tema,DELIVERABLE-DEMO-001,shortcode slides,FECHADO,
RF-005,RF,4 slides Plataforma,DELIVERABLE-DEMO-001,shortcode slides,FECHADO,
RF-006,RF,Embed Kibana,DELIVERABLE-QA-001,relatorio-qa BUG-002,FECHADO_COM_RESSALVA,BUG-002
RF-007,RF,Embed Shiny,DELIVERABLE-DEMO-001,shiny app,FECHADO,
RF-008,RF,Homogeneidade,DELIVERABLE-DEMO-001,CSS tokens,FECHADO_COM_RESSALVA,BUG-005
RF-009,RF,Seed dimensional,DELIVERABLE-SEED-001,desinfo_events 50k,FECHADO,
RF-010,RF,Catalogo 15 temas,DELIVERABLE-SEED-001,validate_catalogs,FECHADO,
RF-011,RF,Catalogo 4 plataformas,DELIVERABLE-SEED-001,validate_catalogs,FECHADO,
RF-012,RF,Analises descritivas,DELIVERABLE-DEMO-001,escopo produto,FECHADO,
RF-013,RF,Navegacao 2 paginas,DELIVERABLE-DEMO-001,dsn-nav,FECHADO,
RF-014,RF,Controles carrossel,DELIVERABLE-DEMO-001,Swiper,FECHADO,
RF-015,RF,Eixo alinhado,DELIVERABLE-DEMO-001,captions,FECHADO,
RF-016,RF,Legendas,DELIVERABLE-DEMO-001,captions,FECHADO,
RF-017,RF,Seed reproduzivel,DELIVERABLE-SEED-001,seed=42,FECHADO,
RF-018,RF,Badge ficticio,DELIVERABLE-DEMO-001,dsn-badge-fake,FECHADO,
RF-019,RF,Auth embeds producao,DELIVERABLE-DOCS-001,TASK-019 Won't,N/A_WONT,nao orfao
RNF-001,RNF,Troca slide <300ms,DELIVERABLE-QA-001,metrics.jsonl PASS,FECHADO,
RNF-002,RNF,Sem scroll,DELIVERABLE-QA-001,BUG-001,FECHADO_COM_RESSALVA,BUG-001
RNF-003,RNF,First embed <5s,DELIVERABLE-QA-001,metrics PASS,FECHADO,
RNF-004,RNF,Iframe compat,DELIVERABLE-QA-001,BUG-002,FECHADO_COM_RESSALVA,BUG-002
RNF-005,RNF,Homogeneidade tokens,DELIVERABLE-QA-001,homogeneity.json PASS,FECHADO,
RNF-006,RNF,Teclado,DELIVERABLE-DEMO-001,Swiper keyboard,FECHADO,
RNF-007,RNF,title iframes,DELIVERABLE-DEMO-001,shortcode,FECHADO,
RNF-008,RNF,a11y contraste,DELIVERABLE-QA-001,BUG-003,FECHADO_COM_RESSALVA,BUG-003
RNF-009,RNF,ES nao exposto,DELIVERABLE-QA-001,BUG-004,FECHADO_COM_RESSALVA,BUG-004
RNF-010,RNF,Seed sem PII,DELIVERABLE-SEED-001,seed ficticio,FECHADO,
RNF-011,RNF,frame-ancestors,DELIVERABLE-DEMO-001,kibana.yml,FECHADO,
RNF-012,RNF,Duas rotas,DELIVERABLE-DEMO-001,por-tema/por-plataforma,FECHADO,
US-001,US,Pag Tema,DELIVERABLE-DEMO-001,plugin,FECHADO,
US-002,US,Pag Plataforma,DELIVERABLE-DEMO-001,plugin,FECHADO,
US-003,US,Carrossel,DELIVERABLE-DEMO-001,Swiper,FECHADO_COM_RESSALVA,BUG-001
US-004,US,4 slides tema,DELIVERABLE-DEMO-001,shortcode,FECHADO,
US-005,US,4 slides plat,DELIVERABLE-DEMO-001,shortcode,FECHADO,
US-006,US,Embed Kibana,DELIVERABLE-DEMO-001,iframe,FECHADO_COM_RESSALVA,BUG-002
US-007,US,Embed Shiny,DELIVERABLE-DEMO-001,shiny,FECHADO,
US-008,US,Homogeneidade,DELIVERABLE-DEMO-001,CSS,FECHADO_COM_RESSALVA,BUG-005
US-009,US,Seed,DELIVERABLE-SEED-001,scripts/seed,FECHADO,
US-010,US,15 temas,DELIVERABLE-SEED-001,catalogo,FECHADO,
US-011,US,4 plataformas,DELIVERABLE-SEED-001,catalogo,FECHADO,
US-012,US,Descritivo,DELIVERABLE-DEMO-001,escopo,FECHADO,
US-013,US,Nav paginas,DELIVERABLE-DEMO-001,nav,FECHADO,
US-014,US,Controles,DELIVERABLE-DEMO-001,Swiper,FECHADO,
US-015,US,Eixo,DELIVERABLE-DEMO-001,captions,FECHADO,
US-016,US,Legendas,DELIVERABLE-DEMO-001,captions,FECHADO,
US-017,US,Seed reproduzivel,DELIVERABLE-SEED-001,seed=42,FECHADO,
US-018,US,Badge,DELIVERABLE-DEMO-001,badge,FECHADO,
US-019,US,Auth Won't,DELIVERABLE-DOCS-001,backlog Won't,N/A_WONT,nao orfao
US-020,US,Iframe bloqueado,DELIVERABLE-DEMO-001,estado error,FECHADO,
US-021,US,Dado ausente,DELIVERABLE-DEMO-001,estado empty,FECHADO,
DELIVERABLE-DEMO-001,DELIVERABLE,Stack+plugin,DELIVERABLE-REL-001,tag v0.1.0,FECHADO,
DELIVERABLE-SEED-001,DELIVERABLE,Seed ES,DELIVERABLE-REL-001,tag v0.1.0,FECHADO,
DELIVERABLE-QA-001,DELIVERABLE,QA report,DELIVERABLE-REL-001,docs/06-validation,FECHADO,
DELIVERABLE-DOCS-001,DELIVERABLE,Docs 00-07,DELIVERABLE-REL-001,docs/,FECHADO,
DELIVERABLE-REL-001,DELIVERABLE,Release v0.1.0,DELIVERABLE-REL-001,git tag v0.1.0,FECHADO,
